title,body,labels,assignees,milestone,state,state_reason
[ES1.1] Create Emergence Scenario Base Class,"Define a reusable base class for all emergence scenarios with hooks for detection, clustering, and visualization.","ES1.x,Emergence,Backlog,milestone:ES1.x",,"","open",""
[ES1.2] Implement cluster detection utilities,"Add density-based cluster detection for tracking emergent groupings in N-body or substrate-augmented simulations.","ES1.x,Emergence,Diagnostics,Backlog,milestone:ES1.x",,"","open",""
[ES1.3] Implement symmetry detection tools,"Detect rotational, reflectional, and translational symmetries to identify emergent ordered behavior.","ES1.x,Emergence,Diagnostics,Backlog,milestone:ES1.x",,"","open",""
[ES1.4] Add phase-transition detector,"Create detection logic to identify transitions between ordered, chaotic, and clustered states.","ES1.x,Emergence,Diagnostics,Backlog,milestone:ES1.x",,"","open",""
[ES1.5] Add bifurcation visualization mode,"Visualize bifurcations as system parameters change, including energy sweeps and topology transitions.","ES1.x,Emergence,Visualization,Backlog,milestone:ES1.x",,"","open",""
[ES1.6] Add multi-run scenario sweeper,"Create tool to run multiple scenario variants with parameter sweeps to discover emergent regimes.","ES1.x,Emergence,Engine,Backlog,milestone:ES1.x",,"","open",""
[ES1.7] Add emergence overlays for Python viewer,"Integrate overlays showing clusters, symmetry axes, and emergent features.","ES1.x,Emergence,Visualization,Backlog,milestone:ES1.x",,"","open",""
[ES1.8] Implement initial-condition randomizer,"Provide templated generators for chaotic, quasi-stable, clustered, and symmetry-breaking initial conditions.","ES1.x,Emergence,Backlog,milestone:ES1.x",,"","open",""
[ES1.9] Build emergence scenario library,"Create a library of preconfigured emergence scenarios for teaching and testing.","ES1.x,Emergence,Education,Backlog,milestone:ES1.x",,"","open",""
[ES1.R] Add attractor mapping module,"Prototype attractor mapping by analyzing long-term recurring states or stable loops.","ES1.x,Emergence,Diagnostics,Ready,milestone:ES1.x",,"","open",""

[ES2.1] Reaction–diffusion Turing pattern scenario,"Simulate substrate-based Turing patterns driven by interacting scalar fields.","ES2.x,Emergence,Substrate,Backlog,milestone:ES2.x",,"","open",""
[ES2.2] Field-driven cluster formation scenario,"Demonstrate cluster emergence driven by substrate gradient forces.","ES2.x,Emergence,Substrate,Backlog,milestone:ES2.x",,"","open",""
[ES2.3] Topology-induced symmetry breaking scenario,"Create scenarios where topology transitions create new emergent patterns.","ES2.x,Emergence,Topology,Backlog,milestone:ES2.x",,"","open",""
[ES2.4] Wave–particle interaction scenario,"Simulate emergent oscillations where substrate waves affect particle dynamics.","ES2.x,Emergence,Substrate,Backlog,milestone:ES2.x",,"","open",""
[ES2.5] Pressure-gradient substrate scenario,"Model pressure-like substrate forces influencing collective behavior.","ES2.x,Emergence,Substrate,Backlog,milestone:ES2.x",,"","open",""
[ES2.6] Emergent oscillatory modes scenario,"Identify feedback loops that create collective oscillations.","ES2.x,Emergence,Backlog,milestone:ES2.x",,"","open",""
[ES2.R] Heatmap-based attractor visualizer,"Visualize emergent attractors using substrate-field heatmaps.","ES2.x,Emergence,Visualization,Ready,milestone:ES2.x",,"","open",""

[ES3.1] AI-assisted anomaly detector,"Use machine-learning or rule-based heuristics for detecting unphysical or emergent anomalies.","ES3.x,Emergence,Diagnostics,Backlog,milestone:ES3.x",,"","open",""
[ES3.2] Emergent pattern classifier,"Classify run outputs as clustered, chaotic, oscillatory, or symmetric.","ES3.x,Emergence,Diagnostics,Backlog,milestone:ES3.x",,"","open",""
[ES3.3] LLM-based emergence explainer,"Use LLM-generated natural language to explain detected emergent patterns.","ES3.x,Emergence,Education,Backlog,milestone:ES3.x",,"","open",""
[ES3.4] Run-quality scoring system,"Score simulations on stability, coherence, noise, and emergent structure strength.","ES3.x,Emergence,Diagnostics,Backlog,milestone:ES3.x",,"","open",""

[SS1.1] Implement substrate grid structure,"Create a scalar field grid supporting arbitrary resolution and domain shape.","SS1.x,Substrate,Engine,Backlog,milestone:SS1.x",,"","open",""
[SS1.2] Add discrete Laplacian operator,"Implement Laplacian stencil for diffusion-style substrate updates.","SS1.x,Substrate,Engine,Backlog,milestone:SS1.x",,"","open",""
[SS1.3] Implement substrate boundary conditions,"Support periodic, reflective, and open boundaries for substrate simulations.","SS1.x,Substrate,Physics,Backlog,milestone:SS1.x",,"","open",""
[SS1.4] Add substrate evolution integrator,"Implement explicit and semi-implicit integrators for substrate updates.","SS1.x,Substrate,Physics,Backlog,milestone:SS1.x",,"","open",""
[SS1.5] Substrate field visualization overlay,"Add heatmap rendering layer for substrate fields in Python viewer.","SS1.x,Substrate,Visualization,Backlog,milestone:SS1.x",,"","open",""
[SS1.6] Substrate JSON exporter,"Export substrate fields to single-file JSON and multi-frame exports.","SS1.x,Substrate,Visualization,Backlog,milestone:SS1.x",,"","open",""
[SS1.7] Web Viewer substrate loader,"Enable substrate importing and rendering in the Three.js viewer.","SS1.x,Substrate,Visualization,Backlog,milestone:SS1.x",,"","open",""
[SS1.8] Field compression / downsampling pipeline,"Implement lossy/lossless compression for substrate fields during export.","SS1.x,Substrate,Engine,Backlog,milestone:SS1.x",,"","open",""

[SS2.1] Particle→Field deposit model,"Implement rules for particles influencing substrate fields (density, impulses).","SS2.x,Substrate,Physics,Backlog,milestone:SS2.x",,"","open",""
[SS2.2] Field→Particle force model,"Allow substrate gradients to apply forces on particles.","SS2.x,Substrate,Physics,Backlog,milestone:SS2.x",,"","open",""
[SS2.3] Substrate advection model,"Add ability for fields to be advected by dynamic flows.","SS2.x,Substrate,Physics,Backlog,milestone:SS2.x",,"","open",""
[SS2.4] Substrate-curvature mapping,"Use substrate density or gradients to inform topology curvature effects.","SS2.x,Substrate,Topology,Backlog,milestone:SS2.x",,"","open",""
[SS2.5] Substrate diagnostics layer,"Add field stability metrics, spectral analysis, and diffusion rates.","SS2.x,Substrate,Diagnostics,Backlog,milestone:SS2.x",,"","open",""
[SS2.6] Substrate–particle interaction overlays,"Viewer overlays showing where substrate forces affect particle motion.","SS2.x,Substrate,Visualization,Backlog,milestone:SS2.x",,"","open",""
[SS2.R] Substrate-driven curvature visualizer,"Visualize topology deformation implied by substrate density.","SS2.x,Substrate,Visualization,Ready,milestone:SS2.x",,"","open",""

[SS3.1] GPU substrate solver,"Accelerate substrate grid updates using CUDA/XLA.","SS3.x,Substrate,Engine,Backlog,milestone:SS3.x",,"","open",""
[SS3.2] Multi-GPU substrate tiling,"Partition substrate grid across multiple GPUs.","SS3.x,Substrate,Engine,Backlog,milestone:SS3.x",,"","open",""
[SS3.3] Adaptive-resolution substrate grids,"Support multi-resolution grids for efficiency and zooming.","SS3.x,Substrate,Engine,Backlog,milestone:SS3.x",,"","open",""
[SS3.4] Shader-based field visualization,"Render substrate fields with GPU shaders in the web viewer.","SS3.x,Substrate,Visualization,Backlog,milestone:SS3.x",,"","open",""
[SS3.5] XLA-optimized field operators,"Optimize Laplacian and advection operators using XLA fusion.","SS3.x,Substrate,Physics,Backlog,milestone:SS3.x",,"","open",""
[SS3.R] Prototype GPU fluid solver,"Implement early GPU-accelerated Navier–Stokes solver.","SS3.x,Substrate,Physics,Ready,milestone:SS3.x",,"","open",""

[Viz3.1] Add vector-field visualization,"Render vector fields representing substrate gradients or flow.","Viz3.x,Visualization,Backlog,milestone:Viz3.x",,"","open",""
[Viz3.2] Add manifold curvature renderer,"Render curvature maps for topologies or substrate-driven curvature.","Viz3.x,Visualization,Backlog,milestone:Viz3.x",,"","open",""
[Viz3.3] Add multi-pane comparison viewer,"Allow simultaneous comparisons of physics, substrate, and topology behavior.","Viz3.x,Visualization,Backlog,milestone:Viz3.x",,"","open",""
[Viz3.4] Add 4D projection viewer,"Render trajectories using time as a projection dimension.","Viz3.x,Visualization,Backlog,milestone:Viz3.x",,"","open",""
[Viz3.5] Add raymarching topology renderer,"Use raymarching to visualize curved manifolds and fields.","Viz3.x,Visualization,Backlog,milestone:Viz3.x",,"","open",""
[Viz3.6] Add dynamic warped-grid visualization,"Render warped grids that respond to substrate gradient fields.","Viz3.x,Visualization,Backlog,milestone:Viz3.x",,"","open",""
[Viz3.R] Add unified overlay selector UI,"Provide UI for toggling particle, field, topology, and emergence overlays.","Viz3.x,Visualization,Ready,milestone:Viz3.x",,"","open",""
